cluster,familia_principal,clientes_unicos,volume_total,receita_liquida_total,lucro_reposicao_total,preco_ponderado,margem_pct_ponderada,frequencia_dominante,receita_pct,receita_pct_acumulado,segmento_rank
3,TOP TURBO,1002,9720.41,112062415.86,17177224.57,11528.568842260769,15.328265447587327,Regulares,18.073817495453138,18.073817495453138,1
1,TOP TURBO,230,6889.48,75028670.98,10155251.34,10890.324230566024,13.535160902299644,Regulares,12.10088588410449,30.174703379557627,2
0,TOP TURBO,2892,5502.2300000000005,63656535.77,9757129.28,11569.224799763006,15.327772964670707,Ocasionais,10.266748231959493,40.441451611517124,3
3,HYDRA XP,727,3625.0,39465174.16,8513733.01,10886.944595862067,21.572774455482097,Regulares,6.365081010614873,46.806532622131996,4
1,HYDRA XP,189,2810.13,29424009.14,5928396.59,10470.693220598336,20.148160509985484,Regulares,4.745606875415661,51.55213949754766,5
3,TOP TURBO PRO,495,1622.55,22020170.08,3192551.14,13571.335293211303,14.498303729723055,Regulares,3.5514898745531798,55.10362937210083,6
0,HYDRA XP,1541,1900.8,20330345.91,4040531.44,10695.678614267677,19.87438609203674,Ocasionais,3.2789491354159725,58.382578507516804,7
3,GL 5,769,1533.54,20176851.23,3359526.17,13157.042679030219,16.65039867571051,Ocasionais,3.2541929777733527,61.636771485290154,8
3,GEAR,391,1323.98,17390031.86,3412839.06,13134.663559872504,19.62526053704424,Ocasionais,2.8047250245828805,64.44149650987303,9
1,TOP TURBO PRO,125,1217.48,16244807.7,2205447.34,13342.977050957716,13.57632162060004,Regulares,2.620019275555638,67.06151578542867,10
1,GEAR,130,1184.2,15843192.8,3238706.09,13378.8150650228,20.442256373980374,Regulares,2.5552454229633206,69.61676120839199,11
3,TRM 5,606,1062.2,15180804.2,2333604.83,14291.851063829787,15.37207646746409,Ocasionais,2.448413078009904,72.0651742864019,12
3,HYDRA,432,1382.08,14153007.53,2585271.93,10240.367800706183,18.266590507494772,Regulares,2.2826464443579773,74.34782073075988,13
1,HYDRA,110,1214.36,12276077.74,2136358.33,10109.092641391351,17.40261323890899,Regulares,1.9799286578824504,76.32774938864233,14
1,GL 5,174,961.74,12116066.08,1801104.12,12598.068168111964,14.865420080310424,Regulares,1.9541214189630476,78.28187080760537,15
0,GL 5,1594,836.6,10714147.64,1687506.61,12806.774611522831,15.750264665944066,Ocasionais,1.7280151206683074,80.00988592827368,16
1,TRM 5,149,728.97,10162276.27,1595427.21,13940.596005322577,15.699506366598712,Regulares,1.6390073802425897,81.64889330851626,17
0,TOP TURBO PRO,738,686.7,9370699.04,1278453.99,13645.986660841705,13.643101592984252,Ocasionais,1.5113390422116668,83.16023235072794,18
0,HYDRA,937,921.46,9340640.99,1736195.22,10136.784005816855,18.587538284136535,Ocasionais,1.5064911750137306,84.66672352574167,19
3,UNITRACTOR,401,683.74,9183015.02,1522736.51,13430.565741363675,16.582097564727714,Ocasionais,1.4810687085028984,86.14779223424458,20
0,GEAR,657,674.71,8758280.67,1752411.84,12980.807561767277,20.008628474337307,Ocasionais,1.4125660703343597,87.56035830457894,21
3,FLUIDO PARA RADIADOR,369,589.63,8124252.74,1022097.74,13778.560690602582,12.580821556272756,Regulares,1.3103078332091127,88.87066613778805,22
1,FLUIDO PARA RADIADOR,94,598.38,7885742.15,918878.25,13178.485494167586,11.65240040216126,Frequentes,1.2718400129206553,90.1425061507087,23
3,UTILE,241,616.82,7647829.55,1476753.59,12398.80281119289,19.309446952828598,Regulares,1.2334686385462108,91.37597478925491,24
2,TOP TURBO,407,444.37,6527327.77,1066036.55,14688.94788127011,16.3318985588493,Ocasionais,1.0527502012393533,92.42872499049426,25
0,UTILE,405,543.94,6369755.62,1262536.59,11710.40118395411,19.820801068660153,Ocasionais,1.0273364150059379,93.4560614055002,26
0,TRM 5,881,424.45,6017179.49,868078.74,14176.415337495584,14.426671855853183,Ocasionais,0.9704717063704019,94.4265331118706,27
1,UTILE,90,441.78000000000003,5449029.42,965742.72,12334.260084204807,17.723206199903395,Ocasionais,0.8788384804007103,95.30537159227131,28
2,TOP TURBO PRO,235,273.68,4635022.64,658289.89,16935.920198772288,14.202517250271729,Ocasionais,0.7475526262731186,96.05292421854443,29
0,UNITRACTOR,613,353.84000000000003,4594382.74,743570.41,12984.35094958173,16.184337528657874,Ocasionais,0.7409980813795738,96.793922299924,30
1,UNITRACTOR,105,298.96,3910841.07,626096.62,13081.486051645705,16.009257568730607,Ocasionais,0.6307540954784362,97.42467639540244,31
0,FLUIDO PARA RADIADOR,459,257.31,3490210.99,471316.47,13564.225991994093,13.503953524597662,Ocasionais,0.5629134082982175,97.98758980370066,32
2,GEAR,146,152.3,2532817.7600000002,494919.04,16630.451477347342,19.54025464508745,Ocasionais,0.4085016871372171,98.39609149083788,33
2,GL 5,288,147.70000000000002,2463140.4,357711.95,16676.64454976303,14.522596844256219,Ocasionais,0.39726387936250085,98.79335537020037,34
2,HYDRA XP,224,145.37,2051987.41,421382.78,14115.618146797826,20.53534919105571,Ocasionais,0.33095169032979627,99.12430706053017,35
2,TRM 5,161,92.49000000000001,1487358.98,191533.66,16081.295058925287,12.877433260933415,Ocasionais,0.23988644674881396,99.36419350727898,36
2,HYDRA,101,82.1,1157620.6,202637.38,14100.12911084044,17.50464530434237,Ocasionais,0.18670509013044723,99.55089859740943,37
2,UTILE,56,62.24,1123846.74,112622.72,18056.66356041131,10.021181357878033,Ocasionais,0.1812579241286042,99.73215652153803,38
2,FLUIDO PARA RADIADOR,97,62.84,1030847.77,182966.29,16404.324793125397,17.74910858079462,Ocasionais,0.16625872570738678,99.89841524724542,39
2,UNITRACTOR,99,39.32,629852.15,95902.21,16018.62029501526,15.226146326562512,Ocasionais,0.10158475275457778,100.0,40
